Region,Suburb
Inner City,Melbourne
Inner City,Port Melbourne
Inner City,Richmond
Inner City,South Melbourne
Inner City,South Yarra
Inner City,Southbank
Inner East,Camberwell
Inner East,Hawthorn East
Inner East,Kew
Inner East,Vermont
Inner North,Alphington
Inner North,Brunswick
Inner North,Brunswick West
Inner North,Carlton
Inner North,Carlton North
Inner North,Coburg
Inner North,Coburg North
Inner North,Northcote
Inner South,Elwood
Inner South,St Kilda
Inner South,St Kilda East
Inner South East,Balaclava
Inner South East,Carnegie
Inner South East,Caulfield East
Inner South East,Caulfield North
Inner South East,Caulfield South
Inner South East,Elsternwick
Inner South East,Glen Huntly
Inner South East,Glen Iris
Inner South East,Malvern
Inner South East,McKinnon
Inner South East,Murrumbeena
Inner South East,Ormond
Inner South East,Ripponlea
Inner West,Ascot Vale
Inner West,Footscray
Inner West,Keilor Downs
Inner West,Keilor East
Inner West,Kensington
Inner West,Maidstone
Inner West,Moonee Ponds
Inner West,Williamstown North
Inner West,Yarraville
Outer East,Clayton
Outer East,Heathmont
Outer East,Mount Waverley
Outer East,Rowville
Outer North,Essendon
Outer North,Pascoe Vale
Outer North,Reservoir
Outer North East,Balwyn North
Outer North East,Bundoora
Outer North East,Doncaster
Outer North East,Donvale
Outer North East,Eltham
Outer North East,Ivanhoe
Outer North East,Watsonia
Outer South East,Beaumaris
Outer South East,Brighton
Outer South East,Brighton East
Outer South East,Chelsea
Outer South East,Edithvale
Outer South East,Hampton
Outer South East,Highett
Outer South East,Langwarrin
Outer South East,Mentone
Outer South East,Moorabbin
Outer South East,Patterson Lakes
Outer South East,Sandringham
Outer South East,Shoreham
Outer South East,Springvale
Outer West,Altona North
Outer West,Braybrook
Outer West,Sunshine West
Outer West,Truganina
